,id,start,end,annotation
1,1,0,0.108702066839713,
2,2,0.108702066839713,0.184762881187424,
3,3,0.184762881187424,0.577955857574024,
4,4,0.577955857574024,0.689276652082925,
5,5,0.689276652082925,1.03734416788977,
6,6,1.03734416788977,1.13213917296352,
7,7,1.13213917296352,1.39421768707483,
