"","id","start","end","annotation"
"1",1,0,0.0981938873393881,""
"2",2,0.0981938873393881,0.180033198124212,"ı"
"3",3,0.180033198124212,0.482154195011338,""
"4",4,0.482154195011338,0.578069846032217,""
"5",5,0.578069846032217,0.691528890529359,"æ"
"6",6,0.691528890529359,0.912063492063492,""
"7",7,0.912063492063492,1.03562599269282,""
"8",8,1.03562599269282,1.13048519382978,"ɒ"
"9",9,1.13048519382978,1.39421768707483,""
